{"cameraMode":{"drawMode":0,"name":"Shaded","section":"Shading Mode"},"sceneLighting":false,"audioPlay":false,"sceneViewState":{"showFog":true,"showMaterialUpdate":true,"showSkybox":true,"showFlares":true,"showImageEffects":true,"showParticleSystems":true},"in2DMode":false,"pivot":{"x":0.07000000774860382,"y":0.13999998569488526,"z":-0.03999999910593033},"rotation":{"x":0.041537992656230929,"y":-0.8553560972213745,"z":-0.06943577527999878,"w":-0.5116827487945557},"size":0.3729998469352722,"orthographic":false}