{"cameraMode":{"drawMode":0,"name":"Shaded","section":"Shading Mode"},"sceneLighting":false,"audioPlay":false,"sceneViewState":{"showFog":true,"showMaterialUpdate":false,"showSkybox":true,"showFlares":true,"showImageEffects":true,"showParticleSystems":true},"in2DMode":false,"pivot":{"x":-0.03982655704021454,"y":0.001818045973777771,"z":0.10443484783172608},"rotation":{"x":-0.020212842151522638,"y":-0.9480576515197754,"z":0.06152910366654396,"w":-0.3114359974861145},"size":0.7637540698051453,"orthographic":false}