{"cameraMode":{"drawMode":0,"name":"Shaded","section":"Shading Mode"},"sceneLighting":false,"audioPlay":false,"sceneViewState":{"showFog":true,"showMaterialUpdate":false,"showSkybox":true,"showFlares":true,"showImageEffects":true,"showParticleSystems":true},"in2DMode":false,"pivot":{"x":0.017800606787204744,"y":0.000001564621925354004,"z":-0.00509999692440033},"rotation":{"x":-0.07149262726306915,"y":0.11079154908657074,"z":-0.007989756762981415,"w":-0.9912367463111877},"size":0.7739649415016174,"orthographic":false}