{"cameraMode":{"drawMode":0,"name":"Shaded","section":"Shading Mode"},"sceneLighting":false,"audioPlay":false,"sceneViewState":{"showFog":true,"showMaterialUpdate":false,"showSkybox":true,"showFlares":true,"showImageEffects":true,"showParticleSystems":true},"in2DMode":false,"pivot":{"x":0.07000000774860382,"y":0.13999998569488526,"z":-0.004999999888241291},"rotation":{"x":0.20072337985038758,"y":0.6990645527839661,"z":-0.2153269350528717,"w":0.6516542434692383},"size":0.41407066583633425,"orthographic":false}